invoice_id,vendor,amount,status
INV-2001,ABC Ltd,85000,PENDING
INV-2002,XYZ Corp,142500,PENDING
INV-2003,Nova Inc,650000,PENDING
INV-2004,,120000,PENDING
INV-2005,Delta Ltd,,PENDING
INV-2006,Apex Supplies,TBD,PENDING
INV-2007,Falcon Tech,300000,APPROVED
INV-2008,,45000,APPROVED
INV-2009,Horizon Foods,100000,PENDING
INV-2010,Jupiter Steel,500000,PENDING
INV-2011,Lotus Packaging,72000,REVIEW
INV-2012,Kaveri Chemicals,975000,PENDING
INV-2013,Bright Logistics,18500.50,PENDING
INV-2014,Global Office Mart,210000,PENDING
INV-2015,Indigo Print Works,33000,PENDING
